AGENCY,EMP_ID,SSN,EMP NAME,JOB_BEGIN_DATE,JOB_END_DATE,EFFECTIVE DATE,ADJUST SERVICE DATE,ACTION CODE,SUB ACTION CODE,POSITION NBR,SALARY,JOB CLASS,MEMO,SEPARATION REASON,PART/FULL TIME,EMPLOYMENT STATUS,EMPLOYMENT STATUS_DATE,Rate Code,Pay Frequency,Employee Type
column 1,column 2,column 3,column 4,column 5,column 6,column 7,column 8,column 9,column 10,column 11,column 12,column 13,column 14,column 15,column 16,column 17,column 18,column 19,column 20,column 21
column 1,column 2,column 3,column 4,column 5,column 6,column 7,column 8,column 9,column 10,column 11,column 12,column 13,column 14,column 15,column 16,column 17,column 18,column 19,column 20,column 21
column 1,column 2,column 3,column 4,column 5,column 6,column 7,column 8,column 9,column 10,column 11,column 12,column 13,column 14,column 15,column 16,column 17,column 18,column 19,column 20,column 21
column 1,column 2,column 3,column 4,column 5,column 6,column 7,column 8,column 9,column 10,column 11,column 12,column 13,column 14,column 15,column 16,column 17,column 18,column 19,column 20,column 21
column 1,column 2,column 3,column 4,column 5,column 6,column 7,column 8,column 9,column 10,column 11,column 12,column 13,column 14,column 15,column 16,column 17,column 18,column 19,column 20,column 21
column 1,column 2,column 3,column 4,column 5,column 6,column 7,column 8,column 9,column 10,column 11,column 12,column 13,column 14,column 15,column 16,column 17,column 18,column 19,column 20,column 21
column 1,column 2,column 3,column 4,column 5,column 6,column 7,column 8,column 9,column 10,column 11,column 12,column 13,column 14,column 15,column 16,column 17,column 18,column 19,column 20,column 21
column 1,column 2,column 3,column 4,column 5,column 6,column 7,column 8,column 9,column 10,column 11,column 12,column 13,column 14,column 15,column 16,column 17,column 18,column 19,column 20,column 21
column 1,column 2,column 3,column 4,column 5,column 6,column 7,column 8,column 9,column 10,column 11,column 12,column 13,column 14,column 15,column 16,column 17,column 18,column 19,column 20,column 21
column 1,column 2,column 3,column 4,column 5,column 6,column 7,column 8,column 9,column 10,column 11,column 12,column 13,column 14,column 15,column 16,column 17,column 18,column 19,column 20,column 21
column 1,column 2,column 3,column 4,column 5,column 6,column 7,column 8,column 9,column 10,column 11,column 12,column 13,column 14,column 15,column 16,column 17,column 18,column 19,column 20,column 21
column 1,column 2,column 3,column 4,column 5,column 6,column 7,column 8,column 9,column 10,column 11,column 12,column 13,column 14,column 15,column 16,column 17,column 18,column 19,column 20,column 21
column 1,column 2,column 3,column 4,column 5,column 6,column 7,column 8,column 9,column 10,column 11,column 12,column 13,column 14,column 15,column 16,column 17,column 18,column 19,column 20,column 21
column 1,column 2,column 3,column 4,column 5,column 6,column 7,column 8,column 9,column 10,column 11,column 12,column 13,column 14,column 15,column 16,column 17,column 18,column 19,column 20,column 21
column 1,column 2,column 3,column 4,column 5,column 6,column 7,column 8,column 9,column 10,column 11,column 12,column 13,column 14,column 15,column 16,column 17,column 18,column 19,column 20,column 21
column 1,column 2,column 3,column 4,column 5,column 6,column 7,column 8,column 9,column 10,column 11,column 12,column 13,column 14,column 15,column 16,column 17,column 18,column 19,column 20,column 21
column 1,column 2,column 3,column 4,column 5,column 6,column 7,column 8,column 9,column 10,column 11,column 12,column 13,column 14,column 15,column 16,column 17,column 18,column 19,column 20,column 21
column 1,column 2,column 3,column 4,column 5,column 6,column 7,column 8,column 9,column 10,column 11,column 12,column 13,column 14,column 15,column 16,column 17,column 18,column 19,column 20,column 21
column 1,column 2,column 3,column 4,column 5,column 6,column 7,column 8,column 9,column 10,column 11,column 12,column 13,column 14,column 15,column 16,column 17,column 18,column 19,column 20,column 21
column 1,column 2,column 3,column 4,column 5,column 6,column 7,column 8,column 9,column 10,column 11,column 12,column 13,column 14,column 15,column 16,column 17,column 18,column 19,column 20,column 21
column 1,column 2,column 3,column 4,column 5,column 6,column 7,column 8,column 9,column 10,column 11,column 12,column 13,column 14,column 15,column 16,column 17,column 18,column 19,column 20,column 21
column 1,column 2,column 3,column 4,column 5,column 6,column 7,column 8,column 9,column 10,column 11,column 12,column 13,column 14,column 15,column 16,column 17,column 18,column 19,column 20,column 21
column 1,column 2,column 3,column 4,column 5,column 6,column 7,column 8,column 9,column 10,column 11,column 12,column 13,column 14,column 15,column 16,column 17,column 18,column 19,column 20,column 21
column 1,column 2,column 3,column 4,column 5,column 6,column 7,column 8,column 9,column 10,column 11,column 12,column 13,column 14,column 15,column 16,column 17,column 18,column 19,column 20,column 21
column 1,column 2,column 3,column 4,column 5,column 6,column 7,column 8,column 9,column 10,column 11,column 12,column 13,column 14,column 15,column 16,column 17,column 18,column 19,column 20,column 21
column 1,column 2,column 3,column 4,column 5,column 6,column 7,column 8,column 9,column 10,column 11,column 12,column 13,column 14,column 15,column 16,column 17,column 18,column 19,column 20,column 21
column 1,column 2,column 3,column 4,column 5,column 6,column 7,column 8,column 9,column 10,column 11,column 12,column 13,column 14,column 15,column 16,column 17,column 18,column 19,column 20,column 21
column 1,column 2,column 3,column 4,column 5,column 6,column 7,column 8,column 9,column 10,column 11,column 12,column 13,column 14,column 15,column 16,column 17,column 18,column 19,column 20,column 21
column 1,column 2,column 3,column 4,column 5,column 6,column 7,column 8,column 9,column 10,column 11,column 12,column 13,column 14,column 15,column 16,column 17,column 18,column 19,column 20,column 21
column 1,column 2,column 3,column 4,column 5,column 6,column 7,column 8,column 9,column 10,column 11,column 12,column 13,column 14,column 15,column 16,column 17,column 18,column 19,column 20,column 21
column 1,column 2,column 3,column 4,column 5,column 6,column 7,column 8,column 9,column 10,column 11,column 12,column 13,column 14,column 15,column 16,column 17,column 18,column 19,column 20,column 21
column 1,column 2,column 3,column 4,column 5,column 6,column 7,column 8,column 9,column 10,column 11,column 12,column 13,column 14,column 15,column 16,column 17,column 18,column 19,column 20,column 21
column 1,column 2,column 3,column 4,column 5,column 6,column 7,column 8,column 9,column 10,column 11,column 12,column 13,column 14,column 15,column 16,column 17,column 18,column 19,column 20,column 21
column 1,column 2,column 3,column 4,column 5,column 6,column 7,column 8,column 9,column 10,column 11,column 12,column 13,column 14,column 15,column 16,column 17,column 18,column 19,column 20,column 21
column 1,column 2,column 3,column 4,column 5,column 6,column 7,column 8,column 9,column 10,column 11,column 12,column 13,column 14,column 15,column 16,column 17,column 18,column 19,column 20,column 21
column 1,column 2,column 3,column 4,column 5,column 6,column 7,column 8,column 9,column 10,column 11,column 12,column 13,column 14,column 15,column 16,column 17,column 18,column 19,column 20,column 21
column 1,column 2,column 3,column 4,column 5,column 6,column 7,column 8,column 9,column 10,column 11,column 12,column 13,column 14,column 15,column 16,column 17,column 18,column 19,column 20,column 21
column 1,column 2,column 3,column 4,column 5,column 6,column 7,column 8,column 9,column 10,column 11,column 12,column 13,column 14,column 15,column 16,column 17,column 18,column 19,column 20,column 21
column 1,column 2,column 3,column 4,column 5,column 6,column 7,column 8,column 9,column 10,column 11,column 12,column 13,column 14,column 15,column 16,column 17,column 18,column 19,column 20,column 21
column 1,column 2,column 3,column 4,column 5,column 6,column 7,column 8,column 9,column 10,column 11,column 12,column 13,column 14,column 15,column 16,column 17,column 18,column 19,column 20,column 21
column 1,column 2,column 3,column 4,column 5,column 6,column 7,column 8,column 9,column 10,column 11,column 12,column 13,column 14,column 15,column 16,column 17,column 18,column 19,column 20,column 21
column 1,column 2,column 3,column 4,column 5,column 6,column 7,column 8,column 9,column 10,column 11,column 12,column 13,column 14,column 15,column 16,column 17,column 18,column 19,column 20,column 21
column 1,column 2,column 3,column 4,column 5,column 6,column 7,column 8,column 9,column 10,column 11,column 12,column 13,column 14,column 15,column 16,column 17,column 18,column 19,column 20,column 21
column 1,column 2,column 3,column 4,column 5,column 6,column 7,column 8,column 9,column 10,column 11,column 12,column 13,column 14,column 15,column 16,column 17,column 18,column 19,column 20,column 21
column 1,column 2,column 3,column 4,column 5,column 6,column 7,column 8,column 9,column 10,column 11,column 12,column 13,column 14,column 15,column 16,column 17,column 18,column 19,column 20,column 21
column 1,column 2,column 3,column 4,column 5,column 6,column 7,column 8,column 9,column 10,column 11,column 12,column 13,column 14,column 15,column 16,column 17,column 18,column 19,column 20,column 21
column 1,column 2,column 3,column 4,column 5,column 6,column 7,column 8,column 9,column 10,column 11,column 12,column 13,column 14,column 15,column 16,column 17,column 18,column 19,column 20,column 21
column 1,column 2,column 3,column 4,column 5,column 6,column 7,column 8,column 9,column 10,column 11,column 12,column 13,column 14,column 15,column 16,column 17,column 18,column 19,column 20,column 21
column 1,column 2,column 3,column 4,column 5,column 6,column 7,column 8,column 9,column 10,column 11,column 12,column 13,column 14,column 15,column 16,column 17,column 18,column 19,column 20,column 21
column 1,column 2,column 3,column 4,column 5,column 6,column 7,column 8,column 9,column 10,column 11,column 12,column 13,column 14,column 15,column 16,column 17,column 18,column 19,column 20,column 21
column 1,column 2,column 3,column 4,column 5,column 6,column 7,column 8,column 9,column 10,column 11,column 12,column 13,column 14,column 15,column 16,column 17,column 18,column 19,column 20,column 21
column 1,column 2,column 3,column 4,column 5,column 6,column 7,column 8,column 9,column 10,column 11,column 12,column 13,column 14,column 15,column 16,column 17,column 18,column 19,column 20,column 21
column 1,column 2,column 3,column 4,column 5,column 6,column 7,column 8,column 9,column 10,column 11,column 12,column 13,column 14,column 15,column 16,column 17,column 18,column 19,column 20,column 21
column 1,column 2,column 3,column 4,column 5,column 6,column 7,column 8,column 9,column 10,column 11,column 12,column 13,column 14,column 15,column 16,column 17,column 18,column 19,column 20,column 21
column 1,column 2,column 3,column 4,column 5,column 6,column 7,column 8,column 9,column 10,column 11,column 12,column 13,column 14,column 15,column 16,column 17,column 18,column 19,column 20,column 21
column 1,column 2,column 3,column 4,column 5,column 6,column 7,column 8,column 9,column 10,column 11,column 12,column 13,column 14,column 15,column 16,column 17,column 18,column 19,column 20,column 21
column 1,column 2,column 3,column 4,column 5,column 6,column 7,column 8,column 9,column 10,column 11,column 12,column 13,column 14,column 15,column 16,column 17,column 18,column 19,column 20,column 21
column 1,column 2,column 3,column 4,column 5,column 6,column 7,column 8,column 9,column 10,column 11,column 12,column 13,column 14,column 15,column 16,column 17,column 18,column 19,column 20,column 21
column 1,column 2,column 3,column 4,column 5,column 6,column 7,column 8,column 9,column 10,column 11,column 12,column 13,column 14,column 15,column 16,column 17,column 18,column 19,column 20,column 21
column 1,column 2,column 3,column 4,column 5,column 6,column 7,column 8,column 9,column 10,column 11,column 12,column 13,column 14,column 15,column 16,column 17,column 18,column 19,column 20,column 21
column 1,column 2,column 3,column 4,column 5,column 6,column 7,column 8,column 9,column 10,column 11,column 12,column 13,column 14,column 15,column 16,column 17,column 18,column 19,column 20,column 21
column 1,column 2,column 3,column 4,column 5,column 6,column 7,column 8,column 9,column 10,column 11,column 12,column 13,column 14,column 15,column 16,column 17,column 18,column 19,column 20,column 21
column 1,column 2,column 3,column 4,column 5,column 6,column 7,column 8,column 9,column 10,column 11,column 12,column 13,column 14,column 15,column 16,column 17,column 18,column 19,column 20,column 21
column 1,column 2,column 3,column 4,column 5,column 6,column 7,column 8,column 9,column 10,column 11,column 12,column 13,column 14,column 15,column 16,column 17,column 18,column 19,column 20,column 21
column 1,column 2,column 3,column 4,column 5,column 6,column 7,column 8,column 9,column 10,column 11,column 12,column 13,column 14,column 15,column 16,column 17,column 18,column 19,column 20,column 21
column 1,column 2,column 3,column 4,column 5,column 6,column 7,column 8,column 9,column 10,column 11,column 12,column 13,column 14,column 15,column 16,column 17,column 18,column 19,column 20,column 21
column 1,column 2,column 3,column 4,column 5,column 6,column 7,column 8,column 9,column 10,column 11,column 12,column 13,column 14,column 15,column 16,column 17,column 18,column 19,column 20,column 21
column 1,column 2,column 3,column 4,column 5,column 6,column 7,column 8,column 9,column 10,column 11,column 12,column 13,column 14,column 15,column 16,column 17,column 18,column 19,column 20,column 21
column 1,column 2,column 3,column 4,column 5,column 6,column 7,column 8,column 9,column 10,column 11,column 12,column 13,column 14,column 15,column 16,column 17,column 18,column 19,column 20,column 21
column 1,column 2,column 3,column 4,column 5,column 6,column 7,column 8,column 9,column 10,column 11,column 12,column 13,column 14,column 15,column 16,column 17,column 18,column 19,column 20,column 21
column 1,column 2,column 3,column 4,column 5,column 6,column 7,column 8,column 9,column 10,column 11,column 12,column 13,column 14,column 15,column 16,column 17,column 18,column 19,column 20,column 21
column 1,column 2,column 3,column 4,column 5,column 6,column 7,column 8,column 9,column 10,column 11,column 12,column 13,column 14,column 15,column 16,column 17,column 18,column 19,column 20,column 21
column 1,column 2,column 3,column 4,column 5,column 6,column 7,column 8,column 9,column 10,column 11,column 12,column 13,column 14,column 15,column 16,column 17,column 18,column 19,column 20,column 21
column 1,column 2,column 3,column 4,column 5,column 6,column 7,column 8,column 9,column 10,column 11,column 12,column 13,column 14,column 15,column 16,column 17,column 18,column 19,column 20,column 21
column 1,column 2,column 3,column 4,column 5,column 6,column 7,column 8,column 9,column 10,column 11,column 12,column 13,column 14,column 15,column 16,column 17,column 18,column 19,column 20,column 21
column 1,column 2,column 3,column 4,column 5,column 6,column 7,column 8,column 9,column 10,column 11,column 12,column 13,column 14,column 15,column 16,column 17,column 18,column 19,column 20,column 21
column 1,column 2,column 3,column 4,column 5,column 6,column 7,column 8,column 9,column 10,column 11,column 12,column 13,column 14,column 15,column 16,column 17,column 18,column 19,column 20,column 21
column 1,column 2,column 3,column 4,column 5,column 6,column 7,column 8,column 9,column 10,column 11,column 12,column 13,column 14,column 15,column 16,column 17,column 18,column 19,column 20,column 21
column 1,column 2,column 3,column 4,column 5,column 6,column 7,column 8,column 9,column 10,column 11,column 12,column 13,column 14,column 15,column 16,column 17,column 18,column 19,column 20,column 21
column 1,column 2,column 3,column 4,column 5,column 6,column 7,column 8,column 9,column 10,column 11,column 12,column 13,column 14,column 15,column 16,column 17,column 18,column 19,column 20,column 21
column 1,column 2,column 3,column 4,column 5,column 6,column 7,column 8,column 9,column 10,column 11,column 12,column 13,column 14,column 15,column 16,column 17,column 18,column 19,column 20,column 21
column 1,column 2,column 3,column 4,column 5,column 6,column 7,column 8,column 9,column 10,column 11,column 12,column 13,column 14,column 15,column 16,column 17,column 18,column 19,column 20,column 21
column 1,column 2,column 3,column 4,column 5,column 6,column 7,column 8,column 9,column 10,column 11,column 12,column 13,column 14,column 15,column 16,column 17,column 18,column 19,column 20,column 21
column 1,column 2,column 3,column 4,column 5,column 6,column 7,column 8,column 9,column 10,column 11,column 12,column 13,column 14,column 15,column 16,column 17,column 18,column 19,column 20,column 21
column 1,column 2,column 3,column 4,column 5,column 6,column 7,column 8,column 9,column 10,column 11,column 12,column 13,column 14,column 15,column 16,column 17,column 18,column 19,column 20,column 21
column 1,column 2,column 3,column 4,column 5,column 6,column 7,column 8,column 9,column 10,column 11,column 12,column 13,column 14,column 15,column 16,column 17,column 18,column 19,column 20,column 21
column 1,column 2,column 3,column 4,column 5,column 6,column 7,column 8,column 9,column 10,column 11,column 12,column 13,column 14,column 15,column 16,column 17,column 18,column 19,column 20,column 21
column 1,column 2,column 3,column 4,column 5,column 6,column 7,column 8,column 9,column 10,column 11,column 12,column 13,column 14,column 15,column 16,column 17,column 18,column 19,column 20,column 21
column 1,column 2,column 3,column 4,column 5,column 6,column 7,column 8,column 9,column 10,column 11,column 12,column 13,column 14,column 15,column 16,column 17,column 18,column 19,column 20,column 21
column 1,column 2,column 3,column 4,column 5,column 6,column 7,column 8,column 9,column 10,column 11,column 12,column 13,column 14,column 15,column 16,column 17,column 18,column 19,column 20,column 21
column 1,column 2,column 3,column 4,column 5,column 6,column 7,column 8,column 9,column 10,column 11,column 12,column 13,column 14,column 15,column 16,column 17,column 18,column 19,column 20,column 21
column 1,column 2,column 3,column 4,column 5,column 6,column 7,column 8,column 9,column 10,column 11,column 12,column 13,column 14,column 15,column 16,column 17,column 18,column 19,column 20,column 21
column 1,column 2,column 3,column 4,column 5,column 6,column 7,column 8,column 9,column 10,column 11,column 12,column 13,column 14,column 15,column 16,column 17,column 18,column 19,column 20,column 21
column 1,column 2,column 3,column 4,column 5,column 6,column 7,column 8,column 9,column 10,column 11,column 12,column 13,column 14,column 15,column 16,column 17,column 18,column 19,column 20,column 21
column 1,column 2,column 3,column 4,column 5,column 6,column 7,column 8,column 9,column 10,column 11,column 12,column 13,column 14,column 15,column 16,column 17,column 18,column 19,column 20,column 21
column 1,column 2,column 3,column 4,column 5,column 6,column 7,column 8,column 9,column 10,column 11,column 12,column 13,column 14,column 15,column 16,column 17,column 18,column 19,column 20,column 21
column 1,column 2,column 3,column 4,column 5,column 6,column 7,column 8,column 9,column 10,column 11,column 12,column 13,column 14,column 15,column 16,column 17,column 18,column 19,column 20,column 21
column 1,column 2,column 3,column 4,column 5,column 6,column 7,column 8,column 9,column 10,column 11,column 12,column 13,column 14,column 15,column 16,column 17,column 18,column 19,column 20,column 21
column 1,column 2,column 3,column 4,column 5,column 6,column 7,column 8,column 9,column 10,column 11,column 12,column 13,column 14,column 15,column 16,column 17,column 18,column 19,column 20,column 21
column 1,column 2,column 3,column 4,column 5,column 6,column 7,column 8,column 9,column 10,column 11,column 12,column 13,column 14,column 15,column 16,column 17,column 18,column 19,column 20,column 21